{
  "train_loss": [
    2.2408043710244456,
    2.1659068022118837,
    2.1340368476300804,
    2.1088012609501314,
    2.0813287923672448,
    2.013627440147686,
    1.9533511819039873,
    1.9503959200702399,
    1.889733963493758
  ],
  "train_acc": [
    0.026039536468984322,
    0.04403544648943422,
    0.05657805044308112,
    0.06216768916155419,
    0.06687116564417178,
    0.07293796864349011,
    0.07900477164280845,
    0.08493524199045671,
    0.08820722563053851
  ],
  "val_loss": [
    2.1886727771228602,
    2.154575284027418,
    2.1603646754113437,
    2.1245185610040727,
    2.1466547961030606,
    2.1384563672031476,
    2.180820331485081,
    2.165747513555569,
    2.207098725773092
  ],
  "val_acc": [
    0.03337195828505214,
    0.0421784472769409,
    0.06778679026651217,
    0.05168018539976825,
    0.04808806488991889,
    0.05758980301274624,
    0.052027809965237544,
    0.06245654692931634,
    0.05168018539976825
  ],
  "lr": [
    1e-05,
    2e-05,
    1.9848077530122083e-05,
    1.9396926207859085e-05,
    1.866025403784439e-05,
    1.766044443118978e-05,
    1.6427876096865394e-05,
    1.5000000000000002e-05,
    1.342020143325669e-05
  ],
  "epoch_time": [
    131.98527693748474,
    140.12583231925964,
    139.81136751174927,
    138.80965304374695,
    139.0988004207611,
    139.40139269828796,
    139.3455204963684,
    139.33528852462769,
    138.58482837677002
  ]
}