{
  "train_loss": [
    1.986275246333175,
    1.8975955125291337,
    1.8353877521236899,
    1.7690640060525191,
    1.7545218972220273,
    1.7203200961575014,
    1.6733787364805275,
    1.6437516115937638,
    1.5953442600252818,
    1.5631023686263565,
    1.5298210192949344
  ],
  "train_acc": [
    0.05863697705802969,
    0.14817813765182186,
    0.1774628879892038,
    0.19453441295546559,
    0.18549257759784077,
    0.22591093117408906,
    0.2363697705802969,
    0.2550607287449393,
    0.2714574898785425,
    0.34055330634278,
    0.38522267206477734
  ],
  "val_loss": [
    2.049013034824977,
    2.0121828436160833,
    1.9814060589667681,
    1.987104761282787,
    1.9954463916747622,
    1.9737516437455374,
    1.9999198738144557,
    1.9947243398200043,
    2.0023380769915264,
    2.0197060412078716,
    2.027897970121125
  ],
  "val_acc": [
    0.31483198146002317,
    0.11100811123986096,
    0.059907300115874855,
    0.5362688296639629,
    0.07647740440324449,
    0.22665121668597915,
    0.12479721900347625,
    0.35492468134414834,
    0.33522595596755506,
    0.42329084588644267,
    0.3275782155272306
  ],
  "lr": [
    1e-05,
    2e-05,
    1.9848077530122083e-05,
    1.9396926207859085e-05,
    1.866025403784439e-05,
    1.766044443118978e-05,
    1.6427876096865394e-05,
    1.5000000000000002e-05,
    1.342020143325669e-05,
    1.1736481776669307e-05,
    1e-05
  ],
  "epoch_time": [
    138.60560488700867,
    146.51456785202026,
    146.59173679351807,
    146.18583917617798,
    145.46041703224182,
    145.37217211723328,
    146.3453471660614,
    146.21805596351624,
    145.9455382823944,
    146.08054876327515,
    145.95211672782898
  ]
}